line_num,image_path,label,croplabel
0,/kaggle/input/kag2/sugarcane/sugarcane037ahs.jpeg,sugarcane,3
1,/kaggle/input/kag2/sugarcane/sugarcane034a.jpeg,sugarcane,3
2,/kaggle/input/kag2/sugarcane/sugarcane032arot.jpeg,sugarcane,3
3,/kaggle/input/kag2/sugarcane/sugarcane036ahs.jpeg,sugarcane,3
4,/kaggle/input/kag2/sugarcane/sugarcane023ahs.jpeg,sugarcane,3
6,/kaggle/input/kag2/sugarcane/sugarcane0003ahs.jpeg,sugarcane,3
7,/kaggle/input/kag2/sugarcane/sugarcane017arot.jpeg,sugarcane,3
8,/kaggle/input/kag2/sugarcane/sugarcane005ahf.jpeg,sugarcane,3
10,/kaggle/input/kag2/sugarcane/sugarcane013ahs.jpeg,sugarcane,3
19,/kaggle/input/kag2/sugarcane/sugarcane034ahs.jpeg,sugarcane,3
21,/kaggle/input/kag2/sugarcane/sugarcane025arot.jpeg,sugarcane,3
22,/kaggle/input/kag2/sugarcane/sugarcane030ahf.jpeg,sugarcane,3
24,/kaggle/input/kag2/sugarcane/sugarcane031a.jpeg,sugarcane,3
25,/kaggle/input/kag2/sugarcane/sugarcane0002arot.jpeg,sugarcane,3
29,/kaggle/input/kag2/sugarcane/sugarcane0003ahf.jpeg,sugarcane,3
32,/kaggle/input/kag2/sugarcane/sugarcane025ahs.jpeg,sugarcane,3
33,/kaggle/input/kag2/sugarcane/sugarcane031ahs.jpeg,sugarcane,3
34,/kaggle/input/kag2/sugarcane/sugarcane017ahs.jpeg,sugarcane,3
35,/kaggle/input/kag2/sugarcane/sugarcane039ahs.jpeg,sugarcane,3
36,/kaggle/input/kag2/sugarcane/sugarcane036ahf.jpeg,sugarcane,3
39,/kaggle/input/kag2/sugarcane/sugarcane0010arot.jpeg,sugarcane,3
40,/kaggle/input/kag2/sugarcane/sugarcane033ahf.jpeg,sugarcane,3
41,/kaggle/input/kag2/sugarcane/sugarcane030arot.jpeg,sugarcane,3
42,/kaggle/input/kag2/sugarcane/sugarcane022ahs.jpeg,sugarcane,3
45,/kaggle/input/kag2/sugarcane/sugarcane030a.jpeg,sugarcane,3
46,/kaggle/input/kag2/sugarcane/sugarcane0002ahs.jpeg,sugarcane,3
48,/kaggle/input/kag2/sugarcane/sugarcane040a.jpeg,sugarcane,3
49,/kaggle/input/kag2/sugarcane/sugarcane032a.jpeg,sugarcane,3
50,/kaggle/input/kag2/sugarcane/sugarcane017ahf.jpeg,sugarcane,3
51,/kaggle/input/kag2/sugarcane/sugarcane035arot.jpeg,sugarcane,3
53,/kaggle/input/kag2/sugarcane/sugarcane035ahf.jpeg,sugarcane,3
54,/kaggle/input/kag2/sugarcane/sugarcane039arot.jpeg,sugarcane,3
55,/kaggle/input/kag2/sugarcane/sugarcane037a.jpeg,sugarcane,3
57,/kaggle/input/kag2/sugarcane/sugarcane031arot.jpeg,sugarcane,3
59,/kaggle/input/kag2/sugarcane/sugarcane013arot.jpeg,sugarcane,3
61,/kaggle/input/kag2/sugarcane/sugarcane005ahs.jpeg,sugarcane,3
62,/kaggle/input/kag2/sugarcane/sugarcane0003arot.jpeg,sugarcane,3
63,/kaggle/input/kag2/sugarcane/sugarcane035a.jpeg,sugarcane,3
65,/kaggle/input/kag2/sugarcane/sugarcane013a.jpeg,sugarcane,3
67,/kaggle/input/kag2/sugarcane/sugarcane039ahf.jpeg,sugarcane,3
70,/kaggle/input/kag2/sugarcane/sugarcane0010ahf.jpeg,sugarcane,3
73,/kaggle/input/kag2/sugarcane/sugarcane025a.jpeg,sugarcane,3
77,/kaggle/input/kag2/sugarcane/sugarcane023ahf.jpeg,sugarcane,3
80,/kaggle/input/kag2/sugarcane/sugarcane038a.jpeg,sugarcane,3
84,/kaggle/input/kag2/sugarcane/sugarcane029a.jpeg,sugarcane,3
86,/kaggle/input/kag2/sugarcane/sugarcane038arot.jpeg,sugarcane,3
88,/kaggle/input/kag2/sugarcane/sugarcane031ahf.jpeg,sugarcane,3
89,/kaggle/input/kag2/sugarcane/sugarcane0003a.jpeg,sugarcane,3
91,/kaggle/input/kag2/sugarcane/sugarcane033ahs.jpeg,sugarcane,3
95,/kaggle/input/kag2/sugarcane/sugarcane032ahs.jpeg,sugarcane,3
97,/kaggle/input/kag2/sugarcane/sugarcane0002ahf.jpeg,sugarcane,3
98,/kaggle/input/kag2/sugarcane/sugarcane029ahf.jpeg,sugarcane,3
99,/kaggle/input/kag2/sugarcane/sugarcane037arot.jpeg,sugarcane,3
102,/kaggle/input/kag2/sugarcane/sugarcane023arot.jpeg,sugarcane,3
104,/kaggle/input/kag2/sugarcane/sugarcane036arot.jpeg,sugarcane,3
105,/kaggle/input/kag2/sugarcane/sugarcane017a.jpeg,sugarcane,3
106,/kaggle/input/kag2/sugarcane/sugarcane022a.jpeg,sugarcane,3
107,/kaggle/input/kag2/sugarcane/sugarcane039a.jpeg,sugarcane,3
110,/kaggle/input/kag2/sugarcane/sugarcane0010ahs.jpeg,sugarcane,3
111,/kaggle/input/kag2/sugarcane/sugarcane005arot.jpeg,sugarcane,3
112,/kaggle/input/kag2/sugarcane/sugarcane023a.jpeg,sugarcane,3
113,/kaggle/input/kag2/sugarcane/sugarcane029arot.jpeg,sugarcane,3
115,/kaggle/input/kag2/sugarcane/sugarcane034ahf.jpeg,sugarcane,3
116,/kaggle/input/kag2/sugarcane/sugarcane036a.jpeg,sugarcane,3
117,/kaggle/input/kag2/sugarcane/sugarcane022arot.jpeg,sugarcane,3
118,/kaggle/input/kag2/sugarcane/sugarcane0002a.jpeg,sugarcane,3
119,/kaggle/input/kag2/sugarcane/sugarcane040ahf.jpeg,sugarcane,3
120,/kaggle/input/kag2/sugarcane/sugarcane035ahs.jpeg,sugarcane,3
121,/kaggle/input/kag2/sugarcane/sugarcane033arot.jpeg,sugarcane,3
126,/kaggle/input/kag2/sugarcane/sugarcane033a.jpeg,sugarcane,3
127,/kaggle/input/kag2/sugarcane/sugarcane038ahf.jpeg,sugarcane,3
129,/kaggle/input/kag2/sugarcane/sugarcane040ahs.jpeg,sugarcane,3
130,/kaggle/input/kag2/sugarcane/sugarcane034arot.jpeg,sugarcane,3
131,/kaggle/input/kag2/sugarcane/sugarcane0010a.jpeg,sugarcane,3
137,/kaggle/input/kag2/sugarcane/sugarcane025ahf.jpeg,sugarcane,3
138,/kaggle/input/kag2/sugarcane/sugarcane037ahf.jpeg,sugarcane,3
142,/kaggle/input/kag2/sugarcane/sugarcane038ahs.jpeg,sugarcane,3
146,/kaggle/input/kag2/sugarcane/sugarcane013ahf.jpeg,sugarcane,3
148,/kaggle/input/kag2/sugarcane/sugarcane022ahf.jpeg,sugarcane,3
149,/kaggle/input/kag2/sugarcane/sugarcane032ahf.jpeg,sugarcane,3
150,/kaggle/input/kag2/sugarcane/sugarcane005a.jpeg,sugarcane,3
152,/kaggle/input/kag2/sugarcane/sugarcane030ahs.jpeg,sugarcane,3
155,/kaggle/input/kag2/sugarcane/sugarcane029ahs.jpeg,sugarcane,3
159,/kaggle/input/kag2/wheat/wheat0004a.jpeg,wheat,4
160,/kaggle/input/kag2/wheat/wheat017a.jpeg,wheat,4
163,/kaggle/input/kag2/wheat/wheat039ahs.jpeg,wheat,4
164,/kaggle/input/kag2/wheat/wheat016ahs.jpeg,wheat,4
165,/kaggle/input/kag2/wheat/wheat0004ahs.jpeg,wheat,4
166,/kaggle/input/kag2/wheat/wheat039arot.jpeg,wheat,4
167,/kaggle/input/kag2/wheat/wheat023a.jpeg,wheat,4
171,/kaggle/input/kag2/wheat/wheat005arot.jpeg,wheat,4
176,/kaggle/input/kag2/wheat/wheat006ahf.jpeg,wheat,4
177,/kaggle/input/kag2/wheat/wheat027arot.jpeg,wheat,4
179,/kaggle/input/kag2/wheat/wheat034ahf.jpeg,wheat,4
180,/kaggle/input/kag2/wheat/wheat011.jpeg,wheat,4
181,/kaggle/input/kag2/wheat/wheat030a.jpeg,wheat,4
182,/kaggle/input/kag2/wheat/wheat036arot.jpeg,wheat,4
183,/kaggle/input/kag2/wheat/wheat040ahs.jpeg,wheat,4
186,/kaggle/input/kag2/wheat/wheat038a.jpeg,wheat,4
187,/kaggle/input/kag2/wheat/wheat016a.jpeg,wheat,4
190,/kaggle/input/kag2/wheat/wheat011hf.jpeg,wheat,4
191,/kaggle/input/kag2/wheat/wheat015ahs.jpeg,wheat,4
193,/kaggle/input/kag2/wheat/wheat014ahf.jpeg,wheat,4
194,/kaggle/input/kag2/wheat/wheat032ahf.jpeg,wheat,4
196,/kaggle/input/kag2/wheat/wheat0002ahs.jpeg,wheat,4
199,/kaggle/input/kag2/wheat/wheat034a.jpeg,wheat,4
201,/kaggle/input/kag2/wheat/wheat006ahs.jpeg,wheat,4
205,/kaggle/input/kag2/wheat/wheat021a.jpeg,wheat,4
207,/kaggle/input/kag2/wheat/wheat0001a.jpeg,wheat,4
208,/kaggle/input/kag2/wheat/wheat014arot.jpeg,wheat,4
212,/kaggle/input/kag2/wheat/wheat040ahf.jpeg,wheat,4
213,/kaggle/input/kag2/wheat/wheat040arot.jpeg,wheat,4
216,/kaggle/input/kag2/wheat/wheat021arot.jpeg,wheat,4
217,/kaggle/input/kag2/wheat/wheat021ahf.jpeg,wheat,4
219,/kaggle/input/kag2/wheat/wheat016ahf.jpeg,wheat,4
223,/kaggle/input/kag2/wheat/wheat0004ahf.jpeg,wheat,4
224,/kaggle/input/kag2/wheat/wheat022arot.jpeg,wheat,4
228,/kaggle/input/kag2/wheat/wheat033ahs.jpeg,wheat,4
229,/kaggle/input/kag2/wheat/wheat023ahs.jpeg,wheat,4
231,/kaggle/input/kag2/wheat/wheat028arot.jpeg,wheat,4
232,/kaggle/input/kag2/wheat/wheat030ahf.jpeg,wheat,4
234,/kaggle/input/kag2/wheat/wheat005a.jpeg,wheat,4
235,/kaggle/input/kag2/wheat/wheat030ahs.jpeg,wheat,4
236,/kaggle/input/kag2/wheat/wheat033ahf.jpeg,wheat,4
237,/kaggle/input/kag2/wheat/wheat015arot.jpeg,wheat,4
238,/kaggle/input/kag2/wheat/wheat017arot.jpeg,wheat,4
240,/kaggle/input/kag2/wheat/wheat017ahs.jpeg,wheat,4
242,/kaggle/input/kag2/wheat/wheat039ahf.jpeg,wheat,4
243,/kaggle/input/kag2/wheat/wheat027ahf.jpeg,wheat,4
244,/kaggle/input/kag2/wheat/wheat015a.jpeg,wheat,4
246,/kaggle/input/kag2/wheat/wheat015ahf.jpeg,wheat,4
247,/kaggle/input/kag2/wheat/wheat010arot.jpeg,wheat,4
248,/kaggle/input/kag2/wheat/wheat017ahf.jpeg,wheat,4
250,/kaggle/input/kag2/wheat/wheat032arot.jpeg,wheat,4
255,/kaggle/input/kag2/wheat/wheat0001ahs.jpeg,wheat,4
256,/kaggle/input/kag2/wheat/wheat011hs.jpeg,wheat,4
258,/kaggle/input/kag2/wheat/wheat028ahf.jpeg,wheat,4
259,/kaggle/input/kag2/wheat/wheat032a.jpeg,wheat,4
260,/kaggle/input/kag2/wheat/wheat038arot.jpeg,wheat,4
261,/kaggle/input/kag2/wheat/wheat039a.jpeg,wheat,4
263,/kaggle/input/kag2/wheat/wheat014a.jpeg,wheat,4
265,/kaggle/input/kag2/wheat/wheat040a.jpeg,wheat,4
267,/kaggle/input/kag2/wheat/wheat022ahf.jpeg,wheat,4
268,/kaggle/input/kag2/wheat/wheat038ahs.jpeg,wheat,4
271,/kaggle/input/kag2/wheat/wheat033arot.jpeg,wheat,4
272,/kaggle/input/kag2/wheat/wheat005ahs.jpeg,wheat,4
273,/kaggle/input/kag2/wheat/wheat038ahf.jpeg,wheat,4
274,/kaggle/input/kag2/wheat/wheat036a.jpeg,wheat,4
276,/kaggle/input/kag2/wheat/wheat036ahs.jpeg,wheat,4
278,/kaggle/input/kag2/wheat/wheat030arot.jpeg,wheat,4
279,/kaggle/input/kag2/wheat/wheat0004arot.jpeg,wheat,4
281,/kaggle/input/kag2/wheat/wheat006a.jpeg,wheat,4
282,/kaggle/input/kag2/wheat/wheat005ahf.jpeg,wheat,4
283,/kaggle/input/kag2/wheat/wheat034ahs.jpeg,wheat,4
285,/kaggle/input/kag2/wheat/wheat034arot.jpeg,wheat,4
286,/kaggle/input/kag2/wheat/wheat022a.jpeg,wheat,4
288,/kaggle/input/kag2/wheat/wheat0002arot.jpeg,wheat,4
289,/kaggle/input/kag2/wheat/wheat027a.jpeg,wheat,4
290,/kaggle/input/kag2/wheat/wheat010ahf.jpeg,wheat,4
291,/kaggle/input/kag2/wheat/wheat036ahf.jpeg,wheat,4
292,/kaggle/input/kag2/wheat/wheat027ahs.jpeg,wheat,4
293,/kaggle/input/kag2/wheat/wheat023ahf.jpeg,wheat,4
295,/kaggle/input/kag2/wheat/wheat033a.jpeg,wheat,4
297,/kaggle/input/kag2/wheat/wheat023arot.jpeg,wheat,4
299,/kaggle/input/kag2/wheat/wheat016arot.jpeg,wheat,4
300,/kaggle/input/kag2/wheat/wheat010ahs.jpeg,wheat,4
301,/kaggle/input/kag2/wheat/wheat022ahs.jpeg,wheat,4
302,/kaggle/input/kag2/wheat/wheat010a.jpeg,wheat,4
303,/kaggle/input/kag2/wheat/wheat028ahs.jpeg,wheat,4
306,/kaggle/input/kag2/wheat/wheat028a.jpeg,wheat,4
310,/kaggle/input/kag2/wheat/wheat032ahs.jpeg,wheat,4
311,/kaggle/input/kag2/wheat/wheat011rot.jpeg,wheat,4
312,/kaggle/input/kag2/wheat/wheat021ahs.jpeg,wheat,4
313,/kaggle/input/kag2/wheat/wheat014ahs.jpeg,wheat,4
314,/kaggle/input/kag2/wheat/wheat0002a.jpeg,wheat,4
318,/kaggle/input/kag2/wheat/wheat0001ahf.jpeg,wheat,4
319,/kaggle/input/kag2/wheat/wheat006arot.jpeg,wheat,4
320,/kaggle/input/kag2/wheat/wheat0002ahf.jpeg,wheat,4
321,/kaggle/input/kag2/jute/jute025ahs.jpeg,jute,0
326,/kaggle/input/kag2/jute/jute002ahf.jpeg,jute,0
327,/kaggle/input/kag2/jute/jute031arot.jpeg,jute,0
328,/kaggle/input/kag2/jute/jute033a.jpeg,jute,0
330,/kaggle/input/kag2/jute/jute026ahs.jpeg,jute,0
332,/kaggle/input/kag2/jute/jute029ahf.jpeg,jute,0
333,/kaggle/input/kag2/jute/jute024ahf.jpeg,jute,0
335,/kaggle/input/kag2/jute/jute016ahs.jpeg,jute,0
339,/kaggle/input/kag2/jute/jute034a.jpeg,jute,0
340,/kaggle/input/kag2/jute/jute023a.jpeg,jute,0
341,/kaggle/input/kag2/jute/jute020arot.jpeg,jute,0
342,/kaggle/input/kag2/jute/jute019arot.jpeg,jute,0
346,/kaggle/input/kag2/jute/jute029arot.jpeg,jute,0
347,/kaggle/input/kag2/jute/jute033arot.jpeg,jute,0
348,/kaggle/input/kag2/jute/jute039ahf.jpeg,jute,0
355,/kaggle/input/kag2/jute/jute002a.jpeg,jute,0
356,/kaggle/input/kag2/jute/jute025ahf.jpeg,jute,0
358,/kaggle/input/kag2/jute/jute026a.jpeg,jute,0
361,/kaggle/input/kag2/jute/jute030a.jpeg,jute,0
362,/kaggle/input/kag2/jute/jute031ahs.jpeg,jute,0
364,/kaggle/input/kag2/jute/jute039arot.jpeg,jute,0
367,/kaggle/input/kag2/jute/jute019ahf.jpeg,jute,0
371,/kaggle/input/kag2/jute/jute031a.jpeg,jute,0
376,/kaggle/input/kag2/jute/jute020ahs.jpeg,jute,0
378,/kaggle/input/kag2/jute/jute023arot.jpeg,jute,0
382,/kaggle/input/kag2/jute/jute016arot.jpeg,jute,0
384,/kaggle/input/kag2/jute/jute031ahf.jpeg,jute,0
385,/kaggle/input/kag2/jute/jute030arot.jpeg,jute,0
386,/kaggle/input/kag2/jute/jute027ahs.jpeg,jute,0
387,/kaggle/input/kag2/jute/jute029ahs.jpeg,jute,0
388,/kaggle/input/kag2/jute/jute034ahs.jpeg,jute,0
390,/kaggle/input/kag2/jute/jute030ahs.jpeg,jute,0
391,/kaggle/input/kag2/jute/jute016ahf.jpeg,jute,0
393,/kaggle/input/kag2/jute/jute026ahf.jpeg,jute,0
394,/kaggle/input/kag2/jute/jute023ahs.jpeg,jute,0
396,/kaggle/input/kag2/jute/jute012a.jpeg,jute,0
397,/kaggle/input/kag2/jute/jute027arot.jpeg,jute,0
398,/kaggle/input/kag2/jute/jute023ahf.jpeg,jute,0
401,/kaggle/input/kag2/jute/jute015ahf.jpeg,jute,0
404,/kaggle/input/kag2/jute/jute027a.jpeg,jute,0
406,/kaggle/input/kag2/jute/jute015arot.jpeg,jute,0
408,/kaggle/input/kag2/jute/jute035a.jpeg,jute,0
410,/kaggle/input/kag2/jute/jute002arot.jpeg,jute,0
411,/kaggle/input/kag2/jute/jute035ahs.jpeg,jute,0
412,/kaggle/input/kag2/jute/jute033ahs.jpeg,jute,0
413,/kaggle/input/kag2/jute/jute033ahf.jpeg,jute,0
415,/kaggle/input/kag2/jute/jute020ahf.jpeg,jute,0
422,/kaggle/input/kag2/jute/jute024a.jpeg,jute,0
424,/kaggle/input/kag2/jute/jute024ahs.jpeg,jute,0
427,/kaggle/input/kag2/jute/jute016a.jpeg,jute,0
432,/kaggle/input/kag2/jute/jute035arot.jpeg,jute,0
434,/kaggle/input/kag2/jute/jute012ahf.jpeg,jute,0
435,/kaggle/input/kag2/jute/jute029a.jpeg,jute,0
438,/kaggle/input/kag2/jute/jute027ahf.jpeg,jute,0
439,/kaggle/input/kag2/jute/jute026arot.jpeg,jute,0
440,/kaggle/input/kag2/jute/jute025arot.jpeg,jute,0
441,/kaggle/input/kag2/jute/jute024arot.jpeg,jute,0
446,/kaggle/input/kag2/jute/jute039ahs.jpeg,jute,0
449,/kaggle/input/kag2/jute/jute025a.jpeg,jute,0
453,/kaggle/input/kag2/jute/jute002ahs.jpeg,jute,0
455,/kaggle/input/kag2/jute/jute035ahf.jpeg,jute,0
456,/kaggle/input/kag2/jute/jute039a.jpeg,jute,0
457,/kaggle/input/kag2/jute/jute015ahs.jpeg,jute,0
461,/kaggle/input/kag2/jute/jute034arot.jpeg,jute,0
464,/kaggle/input/kag2/jute/jute034ahf.jpeg,jute,0
466,/kaggle/input/kag2/jute/jute015a.jpeg,jute,0
468,/kaggle/input/kag2/jute/jute019ahs.jpeg,jute,0
470,/kaggle/input/kag2/jute/jute012ahs.jpeg,jute,0
473,/kaggle/input/kag2/jute/jute030ahf.jpeg,jute,0
475,/kaggle/input/kag2/jute/jute012arot.jpeg,jute,0
476,/kaggle/input/kag2/jute/jute020a.jpeg,jute,0
478,/kaggle/input/kag2/jute/jute019a.jpeg,jute,0
481,/kaggle/input/kag2/maize/maize035ahf.jpeg,maize,1
487,/kaggle/input/kag2/maize/maize016ahf.jpeg,maize,1
490,/kaggle/input/kag2/maize/maize039a.jpeg,maize,1
491,/kaggle/input/kag2/maize/maize031arot.jpeg,maize,1
494,/kaggle/input/kag2/maize/maize037ahs.jpeg,maize,1
496,/kaggle/input/kag2/maize/maize007hs.jpeg,maize,1
497,/kaggle/input/kag2/maize/maize031ahf.jpeg,maize,1
498,/kaggle/input/kag2/maize/maize017ahs.jpeg,maize,1
500,/kaggle/input/kag2/maize/maize032a.jpeg,maize,1
501,/kaggle/input/kag2/maize/maize018a.jpeg,maize,1
502,/kaggle/input/kag2/maize/maize013ahs.jpeg,maize,1
504,/kaggle/input/kag2/maize/maize001ahs.jpeg,maize,1
505,/kaggle/input/kag2/maize/maize015ahs.jpeg,maize,1
506,/kaggle/input/kag2/maize/maize003ahs.jpeg,maize,1
509,/kaggle/input/kag2/maize/maize035arot.jpeg,maize,1
510,/kaggle/input/kag2/maize/maize037a.jpeg,maize,1
512,/kaggle/input/kag2/maize/maize030ahf.jpeg,maize,1
513,/kaggle/input/kag2/maize/maize005arot.jpeg,maize,1
515,/kaggle/input/kag2/maize/maize027ahf.jpeg,maize,1
516,/kaggle/input/kag2/maize/maize038ahs.jpeg,maize,1
517,/kaggle/input/kag2/maize/maize036a.jpeg,maize,1
518,/kaggle/input/kag2/maize/maize016ahs.jpeg,maize,1
520,/kaggle/input/kag2/maize/maize015arot.jpeg,maize,1
523,/kaggle/input/kag2/maize/maize012ahf.jpeg,maize,1
524,/kaggle/input/kag2/maize/maize039arot.jpeg,maize,1
525,/kaggle/input/kag2/maize/maize032ahf.jpeg,maize,1
529,/kaggle/input/kag2/maize/maize034a.jpeg,maize,1
530,/kaggle/input/kag2/maize/maize012arot.jpeg,maize,1
532,/kaggle/input/kag2/maize/maize006rot.jpeg,maize,1
534,/kaggle/input/kag2/maize/maize027a.jpeg,maize,1
535,/kaggle/input/kag2/maize/maize015ahf.jpeg,maize,1
536,/kaggle/input/kag2/maize/maize033ahs.jpeg,maize,1
537,/kaggle/input/kag2/maize/maize017a.jpeg,maize,1
538,/kaggle/input/kag2/maize/maize035a.jpeg,maize,1
540,/kaggle/input/kag2/maize/maize010a.jpeg,maize,1
542,/kaggle/input/kag2/maize/maize031ahs.jpeg,maize,1
544,/kaggle/input/kag2/maize/maize030ahs.jpeg,maize,1
545,/kaggle/input/kag2/maize/maize033ahf.jpeg,maize,1
546,/kaggle/input/kag2/maize/maize007.jpeg,maize,1
548,/kaggle/input/kag2/maize/maize039ahf.jpeg,maize,1
549,/kaggle/input/kag2/maize/maize012ahs.jpeg,maize,1
550,/kaggle/input/kag2/maize/maize018ahf.jpeg,maize,1
553,/kaggle/input/kag2/maize/maize035ahs.jpeg,maize,1
554,/kaggle/input/kag2/maize/maize033arot.jpeg,maize,1
556,/kaggle/input/kag2/maize/maize018arot.jpeg,maize,1
561,/kaggle/input/kag2/maize/maize018ahs.jpeg,maize,1
563,/kaggle/input/kag2/maize/maize038arot.jpeg,maize,1
569,/kaggle/input/kag2/maize/maize030a.jpeg,maize,1
570,/kaggle/input/kag2/maize/maize030arot.jpeg,maize,1
571,/kaggle/input/kag2/maize/maize032ahs.jpeg,maize,1
572,/kaggle/input/kag2/maize/maize034ahs.jpeg,maize,1
573,/kaggle/input/kag2/maize/maize005ahs.jpeg,maize,1
574,/kaggle/input/kag2/maize/maize006.jpeg,maize,1
575,/kaggle/input/kag2/maize/maize032arot.jpeg,maize,1
576,/kaggle/input/kag2/maize/maize006hf.jpeg,maize,1
579,/kaggle/input/kag2/maize/maize034ahf.jpeg,maize,1
581,/kaggle/input/kag2/maize/maize039ahs.jpeg,maize,1
582,/kaggle/input/kag2/maize/maize016a.jpeg,maize,1
585,/kaggle/input/kag2/maize/maize005a.jpeg,maize,1
586,/kaggle/input/kag2/maize/maize031a.jpeg,maize,1
589,/kaggle/input/kag2/maize/maize003a.jpeg,maize,1
590,/kaggle/input/kag2/maize/maize036ahs.jpeg,maize,1
591,/kaggle/input/kag2/maize/maize036ahf.jpeg,maize,1
592,/kaggle/input/kag2/maize/maize013a.jpeg,maize,1
594,/kaggle/input/kag2/maize/maize007hf.jpeg,maize,1
595,/kaggle/input/kag2/maize/maize013arot.jpeg,maize,1
596,/kaggle/input/kag2/maize/maize005ahf.jpeg,maize,1
598,/kaggle/input/kag2/maize/maize006hs.jpeg,maize,1
600,/kaggle/input/kag2/maize/maize034arot.jpeg,maize,1
602,/kaggle/input/kag2/maize/maize010ahf.jpeg,maize,1
604,/kaggle/input/kag2/maize/maize001arot.jpeg,maize,1
605,/kaggle/input/kag2/maize/maize003ahf.jpeg,maize,1
606,/kaggle/input/kag2/maize/maize037ahf.jpeg,maize,1
607,/kaggle/input/kag2/maize/maize001a.jpeg,maize,1
609,/kaggle/input/kag2/maize/maize001ahf.jpeg,maize,1
611,/kaggle/input/kag2/maize/maize015a.jpeg,maize,1
612,/kaggle/input/kag2/maize/maize017arot.jpeg,maize,1
613,/kaggle/input/kag2/maize/maize013ahf.jpeg,maize,1
614,/kaggle/input/kag2/maize/maize038ahf.jpeg,maize,1
615,/kaggle/input/kag2/maize/maize033a.jpeg,maize,1
616,/kaggle/input/kag2/maize/maize016arot.jpeg,maize,1
618,/kaggle/input/kag2/maize/maize027ahs.jpeg,maize,1
620,/kaggle/input/kag2/maize/maize012a.jpeg,maize,1
622,/kaggle/input/kag2/maize/maize007rot.jpeg,maize,1
623,/kaggle/input/kag2/maize/maize010arot.jpeg,maize,1
625,/kaggle/input/kag2/maize/maize017ahf.jpeg,maize,1
626,/kaggle/input/kag2/maize/maize027arot.jpeg,maize,1
628,/kaggle/input/kag2/maize/maize038a.jpeg,maize,1
631,/kaggle/input/kag2/maize/maize010ahs.jpeg,maize,1
636,/kaggle/input/kag2/maize/maize003arot.jpeg,maize,1
637,/kaggle/input/kag2/maize/maize037arot.jpeg,maize,1
640,/kaggle/input/kag2/rice/rice025arot.jpeg,rice,2
641,/kaggle/input/kag2/rice/rice002a.jpeg,rice,2
642,/kaggle/input/kag2/rice/rice023arot.jpeg,rice,2
643,/kaggle/input/kag2/rice/rice006a.jpeg,rice,2
644,/kaggle/input/kag2/rice/rice018ahf.jpeg,rice,2
646,/kaggle/input/kag2/rice/rice013ahf.jpeg,rice,2
647,/kaggle/input/kag2/rice/rice037arot.jpeg,rice,2
650,/kaggle/input/kag2/rice/rice033ahf.jpeg,rice,2
651,/kaggle/input/kag2/rice/rice039ahs.jpeg,rice,2
652,/kaggle/input/kag2/rice/rice010arot.jpeg,rice,2
653,/kaggle/input/kag2/rice/rice033a.jpeg,rice,2
654,/kaggle/input/kag2/rice/rice017a.jpeg,rice,2
655,/kaggle/input/kag2/rice/rice037a.jpeg,rice,2
656,/kaggle/input/kag2/rice/rice001ahs.jpeg,rice,2
657,/kaggle/input/kag2/rice/rice010ahf.jpeg,rice,2
658,/kaggle/input/kag2/rice/rice037ahf.jpeg,rice,2
659,/kaggle/input/kag2/rice/rice014arot.jpeg,rice,2
660,/kaggle/input/kag2/rice/rice011ahf.jpeg,rice,2
663,/kaggle/input/kag2/rice/rice035ahs.jpeg,rice,2
664,/kaggle/input/kag2/rice/rice001ahf.jpeg,rice,2
665,/kaggle/input/kag2/rice/rice002ahf.jpeg,rice,2
666,/kaggle/input/kag2/rice/rice012ahf.jpeg,rice,2
667,/kaggle/input/kag2/rice/rice013a.jpeg,rice,2
668,/kaggle/input/kag2/rice/rice012a.jpeg,rice,2
670,/kaggle/input/kag2/rice/rice033ahs.jpeg,rice,2
672,/kaggle/input/kag2/rice/rice009ahf.jpeg,rice,2
673,/kaggle/input/kag2/rice/rice011a.jpeg,rice,2
674,/kaggle/input/kag2/rice/rice005arot.jpeg,rice,2
677,/kaggle/input/kag2/rice/rice022a.jpeg,rice,2
679,/kaggle/input/kag2/rice/rice034ahs.jpeg,rice,2
680,/kaggle/input/kag2/rice/rice005ahf.jpeg,rice,2
682,/kaggle/input/kag2/rice/rice012ahs.jpeg,rice,2
683,/kaggle/input/kag2/rice/rice001a.jpeg,rice,2
684,/kaggle/input/kag2/rice/rice028ahs.jpeg,rice,2
685,/kaggle/input/kag2/rice/rice031ahs.jpeg,rice,2
687,/kaggle/input/kag2/rice/rice005a.jpeg,rice,2
690,/kaggle/input/kag2/rice/rice003arot.jpeg,rice,2
691,/kaggle/input/kag2/rice/rice031arot.jpeg,rice,2
692,/kaggle/input/kag2/rice/rice004arot.jpeg,rice,2
695,/kaggle/input/kag2/rice/rice040ahf.jpeg,rice,2
696,/kaggle/input/kag2/rice/rice028a.jpeg,rice,2
697,/kaggle/input/kag2/rice/rice014a.jpeg,rice,2
698,/kaggle/input/kag2/rice/rice038arot.jpeg,rice,2
699,/kaggle/input/kag2/rice/rice002ahs.jpeg,rice,2
702,/kaggle/input/kag2/rice/rice003a.jpeg,rice,2
704,/kaggle/input/kag2/rice/rice038a.jpeg,rice,2
705,/kaggle/input/kag2/rice/rice004ahf.jpeg,rice,2
706,/kaggle/input/kag2/rice/rice023a.jpeg,rice,2
707,/kaggle/input/kag2/rice/rice039a.jpeg,rice,2
708,/kaggle/input/kag2/rice/rice003ahs.jpeg,rice,2
709,/kaggle/input/kag2/rice/rice023ahs.jpeg,rice,2
711,/kaggle/input/kag2/rice/rice025ahf.jpeg,rice,2
713,/kaggle/input/kag2/rice/rice017ahs.jpeg,rice,2
714,/kaggle/input/kag2/rice/rice031a.jpeg,rice,2
716,/kaggle/input/kag2/rice/rice040ahs.jpeg,rice,2
717,/kaggle/input/kag2/rice/rice005ahs.jpeg,rice,2
718,/kaggle/input/kag2/rice/rice010a.jpeg,rice,2
720,/kaggle/input/kag2/rice/rice009a.jpeg,rice,2
722,/kaggle/input/kag2/rice/rice003ahf.jpeg,rice,2
723,/kaggle/input/kag2/rice/rice013ahs.jpeg,rice,2
725,/kaggle/input/kag2/rice/rice022ahf.jpeg,rice,2
726,/kaggle/input/kag2/rice/rice013arot.jpeg,rice,2
727,/kaggle/input/kag2/rice/rice032ahs.jpeg,rice,2
730,/kaggle/input/kag2/rice/rice037ahs.jpeg,rice,2
731,/kaggle/input/kag2/rice/rice006arot.jpeg,rice,2
732,/kaggle/input/kag2/rice/rice012arot.jpeg,rice,2
733,/kaggle/input/kag2/rice/rice039ahf.jpeg,rice,2
734,/kaggle/input/kag2/rice/rice040a.jpeg,rice,2
735,/kaggle/input/kag2/rice/rice017arot.jpeg,rice,2
736,/kaggle/input/kag2/rice/rice028ahf.jpeg,rice,2
737,/kaggle/input/kag2/rice/rice034ahf.jpeg,rice,2
739,/kaggle/input/kag2/rice/rice025a.jpeg,rice,2
740,/kaggle/input/kag2/rice/rice004a.jpeg,rice,2
741,/kaggle/input/kag2/rice/rice032ahf.jpeg,rice,2
744,/kaggle/input/kag2/rice/rice025ahs.jpeg,rice,2
745,/kaggle/input/kag2/rice/rice039arot.jpeg,rice,2
746,/kaggle/input/kag2/rice/rice023ahf.jpeg,rice,2
747,/kaggle/input/kag2/rice/rice040arot.jpeg,rice,2
750,/kaggle/input/kag2/rice/rice035arot.jpeg,rice,2
751,/kaggle/input/kag2/rice/rice028arot.jpeg,rice,2
754,/kaggle/input/kag2/rice/rice032arot.jpeg,rice,2
756,/kaggle/input/kag2/rice/rice035a.jpeg,rice,2
757,/kaggle/input/kag2/rice/rice022ahs.jpeg,rice,2
759,/kaggle/input/kag2/rice/rice011arot.jpeg,rice,2
760,/kaggle/input/kag2/rice/rice011ahs.jpeg,rice,2
761,/kaggle/input/kag2/rice/rice034arot.jpeg,rice,2
763,/kaggle/input/kag2/rice/rice014ahs.jpeg,rice,2
764,/kaggle/input/kag2/rice/rice006ahf.jpeg,rice,2
766,/kaggle/input/kag2/rice/rice009arot.jpeg,rice,2
768,/kaggle/input/kag2/rice/rice010ahs.jpeg,rice,2
770,/kaggle/input/kag2/rice/rice018arot.jpeg,rice,2
772,/kaggle/input/kag2/rice/rice009ahs.jpeg,rice,2
774,/kaggle/input/kag2/rice/rice017ahf.jpeg,rice,2
775,/kaggle/input/kag2/rice/rice001arot.jpeg,rice,2
776,/kaggle/input/kag2/rice/rice033arot.jpeg,rice,2
780,/kaggle/input/kag2/rice/rice014ahf.jpeg,rice,2
781,/kaggle/input/kag2/rice/rice038ahf.jpeg,rice,2
782,/kaggle/input/kag2/rice/rice006ahs.jpeg,rice,2
783,/kaggle/input/kag2/rice/rice004ahs.jpeg,rice,2
784,/kaggle/input/kag2/rice/rice018a.jpeg,rice,2
785,/kaggle/input/kag2/rice/rice035ahf.jpeg,rice,2
790,/kaggle/input/kag2/rice/rice031ahf.jpeg,rice,2
791,/kaggle/input/kag2/rice/rice022arot.jpeg,rice,2
793,/kaggle/input/kag2/rice/rice034a.jpeg,rice,2
795,/kaggle/input/kag2/rice/rice038ahs.jpeg,rice,2
796,/kaggle/input/kag2/rice/rice018ahs.jpeg,rice,2
797,/kaggle/input/kag2/rice/rice032a.jpeg,rice,2
798,/kaggle/input/crop_images/sugarcane/sugarcane034a.jpeg,sugarcane,3
804,/kaggle/input/crop_images/sugarcane/sugarcane031a.jpeg,sugarcane,3
807,/kaggle/input/crop_images/sugarcane/sugarcane030a.jpeg,sugarcane,3
808,/kaggle/input/crop_images/sugarcane/sugarcane040a.jpeg,sugarcane,3
809,/kaggle/input/crop_images/sugarcane/sugarcane032a.jpeg,sugarcane,3
810,/kaggle/input/crop_images/sugarcane/sugarcane037a.jpeg,sugarcane,3
813,/kaggle/input/crop_images/sugarcane/sugarcane035a.jpeg,sugarcane,3
814,/kaggle/input/crop_images/sugarcane/sugarcane013a.jpeg,sugarcane,3
817,/kaggle/input/crop_images/sugarcane/sugarcane025a.jpeg,sugarcane,3
818,/kaggle/input/crop_images/sugarcane/sugarcane038a.jpeg,sugarcane,3
819,/kaggle/input/crop_images/sugarcane/sugarcane029a.jpeg,sugarcane,3
821,/kaggle/input/crop_images/sugarcane/sugarcane0003a.jpeg,sugarcane,3
824,/kaggle/input/crop_images/sugarcane/sugarcane017a.jpeg,sugarcane,3
825,/kaggle/input/crop_images/sugarcane/sugarcane022a.jpeg,sugarcane,3
826,/kaggle/input/crop_images/sugarcane/sugarcane039a.jpeg,sugarcane,3
827,/kaggle/input/crop_images/sugarcane/sugarcane023a.jpeg,sugarcane,3
828,/kaggle/input/crop_images/sugarcane/sugarcane036a.jpeg,sugarcane,3
829,/kaggle/input/crop_images/sugarcane/sugarcane0002a.jpeg,sugarcane,3
831,/kaggle/input/crop_images/sugarcane/sugarcane033a.jpeg,sugarcane,3
833,/kaggle/input/crop_images/sugarcane/sugarcane0010a.jpeg,sugarcane,3
837,/kaggle/input/crop_images/sugarcane/sugarcane005a.jpeg,sugarcane,3
838,/kaggle/input/crop_images/wheat/wheat0004a.jpeg,wheat,4
839,/kaggle/input/crop_images/wheat/wheat017a.jpeg,wheat,4
841,/kaggle/input/crop_images/wheat/wheat023a.jpeg,wheat,4
844,/kaggle/input/crop_images/wheat/wheat011.jpeg,wheat,4
845,/kaggle/input/crop_images/wheat/wheat030a.jpeg,wheat,4
847,/kaggle/input/crop_images/wheat/wheat038a.jpeg,wheat,4
848,/kaggle/input/crop_images/wheat/wheat016a.jpeg,wheat,4
852,/kaggle/input/crop_images/wheat/wheat034a.jpeg,wheat,4
854,/kaggle/input/crop_images/wheat/wheat021a.jpeg,wheat,4
855,/kaggle/input/crop_images/wheat/wheat0001a.jpeg,wheat,4
857,/kaggle/input/crop_images/wheat/wheat005a.jpeg,wheat,4
858,/kaggle/input/crop_images/wheat/wheat015a.jpeg,wheat,4
861,/kaggle/input/crop_images/wheat/wheat032a.jpeg,wheat,4
862,/kaggle/input/crop_images/wheat/wheat039a.jpeg,wheat,4
863,/kaggle/input/crop_images/wheat/wheat014a.jpeg,wheat,4
865,/kaggle/input/crop_images/wheat/wheat040a.jpeg,wheat,4
866,/kaggle/input/crop_images/wheat/wheat036a.jpeg,wheat,4
868,/kaggle/input/crop_images/wheat/wheat006a.jpeg,wheat,4
869,/kaggle/input/crop_images/wheat/wheat022a.jpeg,wheat,4
870,/kaggle/input/crop_images/wheat/wheat027a.jpeg,wheat,4
871,/kaggle/input/crop_images/wheat/wheat033a.jpeg,wheat,4
872,/kaggle/input/crop_images/wheat/wheat010a.jpeg,wheat,4
874,/kaggle/input/crop_images/wheat/wheat028a.jpeg,wheat,4
878,/kaggle/input/crop_images/wheat/wheat0002a.jpeg,wheat,4
880,/kaggle/input/crop_images/jute/jute033a.jpeg,jute,0
883,/kaggle/input/crop_images/jute/jute034a.jpeg,jute,0
884,/kaggle/input/crop_images/jute/jute023a.jpeg,jute,0
886,/kaggle/input/crop_images/jute/jute002a.jpeg,jute,0
887,/kaggle/input/crop_images/jute/jute026a.jpeg,jute,0
888,/kaggle/input/crop_images/jute/jute030a.jpeg,jute,0
890,/kaggle/input/crop_images/jute/jute031a.jpeg,jute,0
893,/kaggle/input/crop_images/jute/jute012a.jpeg,jute,0
895,/kaggle/input/crop_images/jute/jute027a.jpeg,jute,0
896,/kaggle/input/crop_images/jute/jute035a.jpeg,jute,0
901,/kaggle/input/crop_images/jute/jute024a.jpeg,jute,0
902,/kaggle/input/crop_images/jute/jute016a.jpeg,jute,0
906,/kaggle/input/crop_images/jute/jute029a.jpeg,jute,0
909,/kaggle/input/crop_images/jute/jute025a.jpeg,jute,0
912,/kaggle/input/crop_images/jute/jute039a.jpeg,jute,0
915,/kaggle/input/crop_images/jute/jute015a.jpeg,jute,0
917,/kaggle/input/crop_images/jute/jute020a.jpeg,jute,0
918,/kaggle/input/crop_images/jute/jute019a.jpeg,jute,0
920,/kaggle/input/crop_images/maize/maize039a.jpeg,maize,1
922,/kaggle/input/crop_images/maize/maize032a.jpeg,maize,1
923,/kaggle/input/crop_images/maize/maize018a.jpeg,maize,1
924,/kaggle/input/crop_images/maize/maize037a.jpeg,maize,1
925,/kaggle/input/crop_images/maize/maize036a.jpeg,maize,1
928,/kaggle/input/crop_images/maize/maize034a.jpeg,maize,1
929,/kaggle/input/crop_images/maize/maize027a.jpeg,maize,1
930,/kaggle/input/crop_images/maize/maize017a.jpeg,maize,1
931,/kaggle/input/crop_images/maize/maize035a.jpeg,maize,1
932,/kaggle/input/crop_images/maize/maize010a.jpeg,maize,1
934,/kaggle/input/crop_images/maize/maize007.jpeg,maize,1
940,/kaggle/input/crop_images/maize/maize030a.jpeg,maize,1
941,/kaggle/input/crop_images/maize/maize006.jpeg,maize,1
942,/kaggle/input/crop_images/maize/maize016a.jpeg,maize,1
944,/kaggle/input/crop_images/maize/maize005a.jpeg,maize,1
945,/kaggle/input/crop_images/maize/maize031a.jpeg,maize,1
947,/kaggle/input/crop_images/maize/maize003a.jpeg,maize,1
948,/kaggle/input/crop_images/maize/maize013a.jpeg,maize,1
951,/kaggle/input/crop_images/maize/maize001a.jpeg,maize,1
952,/kaggle/input/crop_images/maize/maize015a.jpeg,maize,1
953,/kaggle/input/crop_images/maize/maize033a.jpeg,maize,1
954,/kaggle/input/crop_images/maize/maize012a.jpeg,maize,1
956,/kaggle/input/crop_images/maize/maize038a.jpeg,maize,1
959,/kaggle/input/crop_images/rice/rice002a.jpeg,rice,2
960,/kaggle/input/crop_images/rice/rice006a.jpeg,rice,2
962,/kaggle/input/crop_images/rice/rice033a.jpeg,rice,2
963,/kaggle/input/crop_images/rice/rice017a.jpeg,rice,2
964,/kaggle/input/crop_images/rice/rice037a.jpeg,rice,2
967,/kaggle/input/crop_images/rice/rice013a.jpeg,rice,2
968,/kaggle/input/crop_images/rice/rice012a.jpeg,rice,2
969,/kaggle/input/crop_images/rice/rice011a.jpeg,rice,2
971,/kaggle/input/crop_images/rice/rice022a.jpeg,rice,2
973,/kaggle/input/crop_images/rice/rice001a.jpeg,rice,2
974,/kaggle/input/crop_images/rice/rice005a.jpeg,rice,2
977,/kaggle/input/crop_images/rice/rice028a.jpeg,rice,2
978,/kaggle/input/crop_images/rice/rice014a.jpeg,rice,2
979,/kaggle/input/crop_images/rice/rice003a.jpeg,rice,2
980,/kaggle/input/crop_images/rice/rice038a.jpeg,rice,2
981,/kaggle/input/crop_images/rice/rice023a.jpeg,rice,2
982,/kaggle/input/crop_images/rice/rice039a.jpeg,rice,2
983,/kaggle/input/crop_images/rice/rice031a.jpeg,rice,2
984,/kaggle/input/crop_images/rice/rice010a.jpeg,rice,2
986,/kaggle/input/crop_images/rice/rice009a.jpeg,rice,2
987,/kaggle/input/crop_images/rice/rice040a.jpeg,rice,2
988,/kaggle/input/crop_images/rice/rice025a.jpeg,rice,2
989,/kaggle/input/crop_images/rice/rice004a.jpeg,rice,2
992,/kaggle/input/crop_images/rice/rice035a.jpeg,rice,2
994,/kaggle/input/crop_images/rice/rice018a.jpeg,rice,2
997,/kaggle/input/crop_images/rice/rice034a.jpeg,rice,2
998,/kaggle/input/crop_images/rice/rice032a.jpeg,rice,2
